Nodes,processor,MHz,Chips,Cores,Total Threads,Total Memory (GB),avg. watts @ 100%,avg. watts @ active idle,launch_date,company,brand,make,model,moniker,version
1,Intel Xeon Platinum 8180,2500,2,56,112,192,385,48.2,2018,intel,xeon,platinum, 8180,,
4,Intel Xeon Platinum 8176M,2100,8,224,448,768,"1,417",193,2019,intel,xeon,platinum, 8176,m,
1,Intel Xeon Platinum 8280L,2700,2,56,112,192,412,62.4,2019,intel,xeon,platinum, 8280,l,
1,Intel Xeon Platinum 8280L,2700,2,56,112,192,405,47.4,2019,intel,xeon,platinum, 8280,l,
1,AMD EPYC 7742 2.25Ghz,2250,1,64,128,128,214,51.4,2020,amd,epyc,, 7742,,
1,AMD EPYC 7742 2.25Ghz,2250,1,64,128,128,206,56.4,2020,amd,epyc,, 7742,,
1,AMD EPYC 7742 2.25Ghz,2250,2,128,256,256,430,106,2020,amd,epyc,, 7742,,
1,AMD EPYC 7742 2.25Ghz,2250,2,128,256,256,425,92.9,2020,amd,epyc,, 7742,,
6,AMD EPYC 7742 2.25Ghz,2250,6,384,768,768,"1,140",228,2020,amd,epyc,, 7742,,
6,AMD EPYC 7742 2.25Ghz,2250,6,384,768,768,"1,141",250,2020,amd,epyc,, 7742,,
1,Intel Xeon L5430,2666,2,8,8,8,173,89.4,2008,intel,xeon,, l5430,,
1,Intel Xeon L5420,2500,2,8,8,8,170,86,2008,intel,xeon,, l5420,,
1,Intel Xeon X3360 Processor,2833,1,4,4,4,118,56.7,2009,intel,xeon,, x3360,,
1,Intel Xeon E5-2660 2.2 GHz (Intel Turbo Boost Technology up to 3.00 GHz),2200,2,16,32,24,315,69.4,2013,intel,xeon,, e5-2660,,
1,Intel Xeon E5450,3000,2,8,8,16,269,155,2008,intel,xeon,, e5450,,
1,Intel Xeon L5430,2667,2,8,8,8,206,135,2008,intel,xeon,, l5430,,
1,Intel Xeon L5430,2667,2,8,8,8,195,125,2008,intel,xeon,, l5430,,
1,Intel Xeon X5570,2930,2,8,16,8,254,121,2009,intel,xeon,, x5570,,
1,Intel Xeon L5520,2266,2,8,16,8,196,81.4,2009,intel,xeon,, l5520,,
2,Intel Xeon L5520,2266,4,16,32,16,386,145,2009,intel,xeon,, l5520,,
4,Intel Xeon L5520,2266,8,32,64,32,748,260,2009,intel,xeon,, l5520,,
1,Intel Xeon L5530,2400,2,8,16,8,197,88.1,2010,intel,xeon,, l5530,,
1,Intel Xeon L5530,2400,2,8,16,8,198,88.2,2010,intel,xeon,, l5530,,
1,Intel Xeon L5530,2400,2,8,16,8,193,88.5,2010,intel,xeon,, l5530,,
1,Intel Xeon L5530,2400,2,8,16,8,192,87.7,2010,intel,xeon,, l5530,,
1,Intel Xeon Processor L3360,2833,1,4,4,4,95.4,49.6,2010,intel,xeon,, l3360,,
1,Intel Xeon Processor L3360,2833,1,4,4,4,94.5,47.7,2010,intel,xeon,, l3360,,
1,Intel Xeon X5670,2933,2,12,24,12,260,76.6,2010,intel,xeon,, x5670,,
1,Intel Xeon X5670,2933,2,12,24,12,259,76.6,2010,intel,xeon,, x5670,,
2,Intel Xeon X5670,2933,4,24,48,24,596,204,2010,intel,xeon,, x5670,,
2,Intel Xeon X5670,2933,4,24,48,24,597,205,2010,intel,xeon,, x5670,,
1,Intel Xeon X5670,2933,2,12,24,12,272,73.3,2010,intel,xeon,, x5670,,
1,Intel Xeon X5670,2933,2,12,24,12,272,73.6,2010,intel,xeon,, x5670,,
1,Intel Xeon X5670,2933,2,12,24,12,259,78.8,2010,intel,xeon,, x5670,,
1,Intel Xeon X5670,2933,2,12,24,12,257,78.4,2010,intel,xeon,, x5670,,
1,Intel Xeon X5670,2933,2,12,24,12,245,65.5,2010,intel,xeon,, x5670,,
1,Intel Xeon X5670,2933,2,12,24,12,244,65.4,2010,intel,xeon,, x5670,,
1,Intel Xeon X5670,2933,2,12,24,12,267,76.9,2010,intel,xeon,, x5670,,
1,Intel Xeon X5670,2933,2,12,24,12,267,76.9,2010,intel,xeon,, x5670,,
1,AMD Opteron 4164EE,1800,1,6,6,8,70.3,32,2010,amd,opteron,, 4164,e,
1,AMD Opteron 4164EE,1800,1,6,6,8,70.2,31.9,2010,amd,opteron,, 4164,e,
4,AMD Opteron 6174,2200,8,96,96,64,"1,111",284,2010,amd,opteron,, 6174,,
4,AMD Opteron 6174,2200,8,96,96,64,"1,113",284,2010,amd,opteron,, 6174,,
1,AMD Opteron 6174,2200,2,24,24,16,273,86.7,2010,amd,opteron,, 6174,,
1,AMD Opteron 6174,2200,2,24,24,16,273,86.5,2010,amd,opteron,, 6174,,
1,AMD Opteron 6174,2200,4,48,48,32,518,143,2010,amd,opteron,, 6174,,
1,AMD Opteron 6174,2200,4,48,48,32,518,142,2010,amd,opteron,, 6174,,
1,Intel Xeon X3470,2933,1,4,8,8,124,39.6,2010,intel,xeon,, x3470,,
1,Intel Xeon X3470,2933,1,4,8,8,125,39.6,2010,intel,xeon,, x3470,,
1,Intel Xeon X3470,2933,1,4,8,8,127,34.6,2010,intel,xeon,, x3470,,
1,Intel Xeon X5670,2933,2,12,24,12,265,76.4,2010,intel,xeon,, x5670,,
1,Intel Xeon X5670,2933,2,12,24,12,265,76.5,2010,intel,xeon,, x5670,,
1,Intel Xeon X3470,2933,1,4,8,8,125,35.4,2011,intel,xeon,, x3470,,
4,Intel Xeon X5675,3067,8,48,96,48,"1,025",270,2011,intel,xeon,, x5675,,
4,Intel Xeon X5675,3067,8,48,96,96,"1,014",269,2011,intel,xeon,, x5675,,
4,Intel Xeon X5675,3067,8,48,96,96,"1,016",282,2011,intel,xeon,, x5675,,
1,AMD Opteron 6168,1900,4,48,48,32,524,192,2011,amd,opteron,, 6168,,
1,AMD Opteron 6176,2300,4,48,48,32,571,185,2011,amd,opteron,, 6176,,
1,AMD Opteron 6176,2300,2,24,24,16,295,97.3,2011,amd,opteron,, 6176,,
1,Intel Xeon X5675,3067,2,12,24,12,264,79.5,2011,intel,xeon,, x5675,,
1,Intel Xeon E3-1270,3400,1,4,8,8,102,21.4,2011,intel,xeon,, e3-1270,,
1,Intel Xeon E3-1270,3400,1,4,8,8,102,21.3,2011,intel,xeon,, e3-1270,,
1,Intel Xeon E3-1260L,2400,1,4,8,8,58,21.5,2011,intel,xeon,, e3-1260,l,
1,AMD Opteron 6238,2600,4,48,48,64,559,127,2012,amd,opteron,, 6238,,
1,AMD Opteron 6238,2600,2,24,24,32,290,89.8,2012,amd,opteron,, 6238,,
1,AMD Opteron 6276,2300,2,32,32,32,307,94.9,2012,amd,opteron,, 6276,,
1,AMD Opteron 6276,2300,4,64,64,64,588,130,2012,amd,opteron,, 6276,,
1,AMD Opteron 6276,2300,4,64,64,256,779,187,2012,amd,opteron,, 6276,,
1,AMD Opteron 6276,2300,4,64,64,256,713,177,2012,amd,opteron,, 6276,,
1,AMD Opteron 6278,2400,4,64,64,64,584,127,2012,amd,opteron,, 6278,,
1,AMD Opteron 6278,2400,4,64,64,256,786,186,2012,amd,opteron,, 6278,,
1,AMD Opteron 6278,2400,4,64,64,256,713,176,2012,amd,opteron,, 6278,,
1,Intel Xeon E5-2630,2300,2,12,24,128,325,99.6,2012,intel,xeon,, e5-2630,,
1,Intel Xeon E5-2640,2500,2,12,24,128,307,99.5,2012,intel,xeon,, e5-2640,,
1,Intel Xeon E5-2665,2400,2,16,32,128,409,103,2012,intel,xeon,, e5-2665,,
1,Intel Xeon E5-2640,2500,2,12,24,32,254,81.9,2012,intel,xeon,, e5-2640,,
1,Intel Xeon E5-2640,2500,2,12,24,32,255,83.5,2012,intel,xeon,, e5-2640,,
1,Intel Xeon E5-2665,2400,2,16,32,128,414,96.6,2012,intel,xeon,, e5-2665,,
1,Intel Xeon E5-2630,2300,2,12,24,128,323,96,2012,intel,xeon,, e5-2630,,
1,Intel Xeon E5-2640,2500,2,12,24,128,327,98.2,2012,intel,xeon,, e5-2640,,
1,Intel Xeon E5-2665,2400,2,16,32,128,409,103,2012,intel,xeon,, e5-2665,,
4,Intel Xeon E5-2660 2.2 GHz (Intel Turbo Boost Technology up to 3.00 GHz),2200,8,64,128,128,"1,275",331,2012,intel,xeon,, e5-2660,,
4,Intel Xeon E5-2670 2.6 GHz (Intel Turbo Boost Technology up to 3.30 GHz),2600,8,64,128,512,"1,700",364,2013,intel,xeon,, e5-2670,,
1,Intel Xeon E5-4650 2.7 GHz (Intel Turbo Boost Technology up to 3.30 GHz),2700,4,32,64,32,667,134,2013,intel,xeon,, e5-4650,,
1,AMD Opteron 6380,2500,4,64,64,64,581,149,2013,amd,opteron,, 6380,,
1,Intel Xeon E5-2660 2.2 GHz (Intel Turbo Boost Technology up to 3.00 GHz),2200,2,16,32,24,316,71.5,2013,intel,xeon,, e5-2660,,
1,Intel Xeon E5-2660 2.2 GHz (Intel Turbo Boost Technology up to 3.00 GHz),2200,2,16,32,24,275,80.4,2013,intel,xeon,, e5-2660,,
1,AMD Opteron 6344,2600,4,48,48,64,511,145,2013,amd,opteron,, 6344,,
1,Intel Xeon E5-4607 2.2 GHz,2200,4,24,48,64,368,109,2013,intel,xeon,, e5-4607,,
1,Intel Xeon E5-2650,2200,2,16,32,32,215,52.9,2013,intel,xeon,, e5-2650,,
1,Intel Xeon E5-2660,2200,2,16,32,32,252,63.7,2013,intel,xeon,, e5-2660,,
1,Intel Xeon E5-2660 2.2 GHz (Intel Turbo Boost Technology up to 3.00 GHz),2200,2,16,32,24,258,72.4,2013,intel,xeon,, e5-2660,,
1,Intel Xeon E5-2650 2.0 GHz (Intel Turbo Boost Technology up to 2.80 GHz),2000,2,16,32,24,223,64,2013,intel,xeon,, e5-2650,,
1,Intel Xeon E5-2650 2.0 GHz (Intel Turbo Boost Technology up to 2.80 GHz),2000,2,16,32,24,219,56.1,2013,intel,xeon,, e5-2650,,
1,Intel Xeon E5-2660 2.2 GHz (Intel Turbo Boost Technology up to 3.00 GHz),2200,2,16,32,24,255,68.5,2013,intel,xeon,, e5-2660,,
1,Intel(R) Xeon(R) CPU X5570,2930,2,8,16,18,334,173,2009,intel,xeon,, x5570,,
1,Intel(R) Xeon(R) CPU E5472,3000,2,8,32,16,353,213,2009,intel,xeon,, e5472,,
1,Intel Xeon X5670,2933,2,12,24,12,247,60.4,2010,intel,xeon,, x5670,,
1,Intel Xeon E5-2660,2200,2,16,32,24,261,59.5,2012,intel,xeon,, e5-2660,,
1,AMD Opteron 2216HE,2400,2,4,4,16,276,164,2007,amd,opteron,, 2216,h,
1,Intel Xeon E5-2660 v2,2200,2,20,40,32,232,97.1,2014,intel,xeon,, e5-2660,, v2
1,Intel Core i5-4570,3200,1,4,4,16,131,"83,2",2014,intel,core,, i5-4570,,
1,Intel Xeon E5440,2833,2,8,8,16,276,157,2007,intel,xeon,, e5440,,
1,Intel Xeon E5440,2833,2,8,8,8,244,143,2008,intel,xeon,, e5440,,
1,Intel Xeon E5440,2833,2,8,8,16,254,147,2008,intel,xeon,, e5440,,
1,Intel Xeon L5410,2330,1,4,4,8,117,75.1,2008,intel,xeon,, l5410,,
1,Intel Xeon L5420,2500,2,8,8,8,226,143,2008,intel,xeon,, l5420,,
1,AMD Opteron 2356,2300,2,8,8,16,302,139,2009,amd,opteron,, 2356,,
1,AMD Opteron 2382,2600,2,8,8,16,258,127,2009,amd,opteron,, 2382,,
1,Intel Xeon X5570,2933,2,8,16,12,236,63.2,2009,intel,xeon,, x5570,,
1,Intel Xeon X5570,2933,2,8,16,8,220,65,2009,intel,xeon,, x5570,,
1,Intel Xeon L5530,2400,2,8,16,8,172,60,2009,intel,xeon,, l5530,,
1,Intel Xeon L5530,2400,2,8,16,8,172,62.8,2009,intel,xeon,, l5530,,
1,Intel Xeon X5670,2933,2,12,24,12,244,62.3,2010,intel,xeon,, x5670,,
1,Intel Xeon X5670,2933,2,12,24,12,236,64.6,2010,intel,xeon,, x5670,,
1,AMD Opteron 6174,2200,2,24,24,16,279,100,2010,amd,opteron,, 6174,,
1,AMD Opteron 6174,2200,4,48,48,32,509,142,2010,amd,opteron,, 6174,,
1,Intel Xeon X5670,2933,2,12,24,12,242,61.9,2010,intel,xeon,, x5670,,
1,Intel Xeon X5670,2933,2,12,24,12,232,64,2010,intel,xeon,, x5670,,
16,Intel Xeon X5670,2933,32,192,384,192,"3,716",877,2010,intel,xeon,, x5670,,
1,Intel Xeon X5670,2933,2,12,24,12,266,56.9,2010,intel,xeon,, x5670,,
8,AMD Opteron 6176 (2.30 GHz),2300,32,384,384,256,"4,219","1,068",2011,amd,opteron,, 6176,,
16,Intel Xeon X5675 (3.06 GHz),3060,32,192,384,384,"3,780",972,2011,intel,xeon,, x5675,,
16,Intel Xeon X5675 (3.06 GHz),3060,32,192,384,384,"3,504",873,2011,intel,xeon,, x5675,,
4,Intel Xeon 5675,3067,8,48,96,64,895,227,2011,intel,xeon,, 5675,,
1,Intel Xeon X5675,3066,2,12,24,24,227,62.2,2011,intel,xeon,, x5675,,
8,AMD Opteron 6276 (2.30 GHz),2300,32,512,512,512,"4,847","1,107",2011,amd,opteron,, 6276,,
1,Intel Xeon E5-2670 2.60 GHz,2600,2,16,32,24,243,54.1,2012,intel,xeon,, e5-2670,,
1,Intel Xeon E5-2670 2.60 GHz,2600,2,16,32,24,231,51,2012,intel,xeon,, e5-2670,,
1,Intel Xeon E5-2670 2.60 GHz,2600,2,16,32,24,227,50.2,2012,intel,xeon,, e5-2670,,
16,Intel Xeon E5-2670 2.60 GHz,2600,32,256,512,384,"3,881",828,2012,intel,xeon,, e5-2670,,
1,Intel Xeon E5-2660 2.20 GHz (Intel Turbo Boost Technology up to 3.00 GHz),2200,2,16,32,24,263,56.1,2012,intel,xeon,, e5-2660,,
1,Intel Xeon E5-2660 2.20 GHz (Intel Turbo Boost Technology up to 3.00 GHz),2200,2,16,32,24,250,52.7,2012,intel,xeon,, e5-2660,,
1,Intel Xeon E5-2660 2.20 GHz (Intel Turbo Boost Technology up to 3.00 GHz),2200,2,16,32,24,246,51.3,2012,intel,xeon,, e5-2660,,
1,Intel Xeon E5-4650L 2.60 GHz,2600,4,32,64,48,446,110,2012,intel,xeon,, e5-4650,l,
16,Intel Xeon E5-2470 (Intel Turbo Boost Technology up to 3.10 GHz),2300,32,256,512,384,"4,026",713,2012,intel,xeon,, e5-2470,,
1,Intel Xeon E5-2470 2.3GHz,2300,2,16,32,24,205,51.2,2012,intel,xeon,, e5-2470,,
32,Intel Xeon E5-2470 (2.3 GHz),2300,64,512,1024,768,"6,854","1,773",2012,intel,xeon,, e5-2470,,
1,AMD Opteron 6278,2400,4,64,64,64,593,118,2012,amd,opteron,, 6278,,
8,Intel Xeon E5-4650L (2.60 GHz),2600,32,512,1024,384,"3,997",832,2012,intel,xeon,, e5-4650,l,
1,Intel Xeon E5-2470 (Intel Turbo Boost Technology up to 3.10 GHz ),2300,2,16,32,24,264,47.9,2012,intel,xeon,, e5-2470,,
1,Intel Xeon E5-2660 2.20 GHz (Intel Turbo Boost Technology up to 3.00 GHz),2200,2,16,32,24,230,53.8,2012,intel,xeon,, e5-2660,,
1,Intel Xeon E5-2470 (Intel Turbo Boost Technology up to 3.10 GHz ),2300,2,16,32,24,263,53.3,2012,intel,xeon,, e5-2470,,
16,Intel Xeon E5-2470 (2.30 GHz),2300,32,384,512,256,"4,078",732,2012,intel,xeon,, e5-2470,,
8,AMD Opteron 6380 (2.50 GHz),2500,32,512,512,512,"4,562",976,2012,amd,opteron,, 6380,,
1,Intel Xeon E5-2660 2.20 GHz (Intel Turbo Boost Technology up to 3.00 GHz),2200,2,16,32,24,231,52.3,2012,intel,xeon,, e5-2660,,
1,Intel Xeon E5-2660 2.20 GHz (Intel Turbo Boost Technology up to 3.00 GHz),2200,2,16,32,24,242,51,2012,intel,xeon,, e5-2660,,
1,Intel Xeon E5-2660 2.20 GHz (Intel Turbo Boost Technology up to 3.00 GHz),2200,2,16,32,24,248,54.9,2012,intel,xeon,, e5-2660,,
1,Intel Xeon E5-4650L 2.60 GHz,2600,4,32,64,48,457,108,2012,intel,xeon,, e5-4650,l,
4,AMD Opteron 4376HE,2600,8,64,64,64,573,106,2013,amd,opteron,, 4376,h,
2,AMD Opteron 6380 (2.50GHz),2500,8,128,128,128,"1,105",196,2013,amd,opteron,, 6380,,
16,Intel Xeon E5-2670 2.60 GHz,2600,32,256,512,384,"4,057",833,2013,intel,xeon,, e5-2670,,
12,Intel Xeon E3-1265LV2,2500,12,48,96,96,672,194,2013,intel,xeon,, e3-1265,l,
1,Intel Xeon E5-2699 v3 2.30 GHz,2300,2,36,72,64,272,46.9,2015,intel,xeon,, e5-2699,, v3
1,Intel Xeon E5-2699 v3 2.30 GHz,2300,2,36,72,64,273,48.1,2015,intel,xeon,, e5-2699,, v3
1,Intel Xeon E5-2699 v3 2.30 GHz,2300,2,36,72,64,287,51.2,2015,intel,xeon,, e5-2699,, v3
4,Intel Xeon E5-2699 v3 2.30 GHz,2300,8,144,288,256,"1,229",210,2015,intel,xeon,, e5-2699,, v3
4,Intel Xeon E5-2699 v3 2.30 GHz,2300,8,144,288,256,"1,256",228,2015,intel,xeon,, e5-2699,, v3
1,Intel Xeon E5-2699 v4 2.20 GHz,2200,2,44,88,128,269,44.9,2016,intel,xeon,, e5-2699,, v4
16,Intel Xeon E5-2699 v4 2.20 GHz,2200,32,704,1408,2048,"4,918",878,2016,intel,xeon,, e5-2699,, v4
1,Intel Xeon E5-2699 v4 2.20 GHz,2200,2,44,88,128,279,46.7,2016,intel,xeon,, e5-2699,, v4
1,Intel Xeon E5-2699 v4 2.20 GHz,2200,2,44,88,128,272,44.6,2016,intel,xeon,, e5-2699,, v4
1,Intel Xeon E5-4669 v4 2.20 GHz,2200,4,88,176,256,562,86.4,2016,intel,xeon,, e5-4669,, v4
1,Intel Xeon Platinum 8180 2.50 GHz,2500,2,56,112,192,457,52.3,2017,intel,xeon,platinum, 8180,,
1,Intel Xeon Platinum 8180 2.50 GHz,2500,2,56,112,192,469,55,2017,intel,xeon,platinum, 8180,,
1,Intel Xeon Platinum 8180 2.50 GHz,2500,2,56,112,192,469,56,2017,intel,xeon,platinum, 8180,,
1,Intel Xeon Platinum 8180 2.50 GHz,2500,4,112,224,384,915,106,2017,intel,xeon,platinum, 8180,,
1,AMD EPYC 7601 2.20 GHz,2200,2,64,128,128,287,84.9,2018,amd,epyc,, 7601,,
1,Intel Xeon Platinum 8180 2.50 GHz,2500,4,112,224,384,939,89.8,2018,intel,xeon,platinum, 8180,,
1,Intel Xeon Platinum 8180 2.50 GHz,2500,4,112,224,384,923,85.6,2018,intel,xeon,platinum, 8180,,
1,"AMD EPYC 7601 2.20 GHz, Dell SKU [338-BNCG]",2200,2,64,128,128,268,77.5,2019,amd,epyc,, 7601,,
1,"Intel Xeon Platinum 8280, 2.70 GHz",2700,2,56,112,192,432,49.8,2019,intel,xeon,platinum, 8280,,
1,Intel Xeon E-2176G,3700,1,6,12,32,93.1,20,2019,intel,xeon,, e-2176,g,
1,AMD EPYC 7742 2.25 GHz,2250,1,64,128,128,246,99.5,HTML,amd,epyc,, 7742,,
1,AMD EPYC 7702 2.00 GHz,2000,2,128,256,128,404,81.6,2020,amd,epyc,, 7702,,
1,AMD EPYC 7702 2.00 GHz,2000,2,128,256,128,393,72.3,2020,amd,epyc,, 7702,,
1,AMD EPYC 7702P 2.00 GHz,2000,1,64,128,64,231,54.5,2020,amd,epyc,, 7702,p,
1,Intel Xeon X5570,2933,2,8,16,12,237,75.6,2009,intel,xeon,, x5570,,
1,Intel Xeon E5-2660 2.20 GHz,2200,2,16,32,24,258,56.1,2012,intel,xeon,, e5-2660,,
1,Intel Xeon E5-2660 2.20 GHz,2200,2,16,32,24,240,50.3,2012,intel,xeon,, e5-2660,,
1,Intel Xeon X5670,2930,2,12,24,12,190,76.5,2011,intel,xeon,, x5670,,
1,Intel Xeon L3360,2833,1,4,4,8,94.7,46.2,2009,intel,xeon,, l3360,,
1,Intel Xeon X3470,2933,1,4,8,4,130,35,2010,intel,xeon,, x3470,,
1,Intel Xeon X3470,2933,1,4,8,4,112,24.3,2010,intel,xeon,, x3470,,
38,Intel Xeon L5530,2400,76,304,608,304,"6,303","1,842",2010,intel,xeon,, l5530,,
1,Intel Xeon X5670,2933,2,12,24,12,245,77.9,2010,intel,xeon,, x5670,,
1,Intel Xeon X5670,2933,2,12,24,12,242,76.2,2010,intel,xeon,, x5670,,
1,Intel Xeon X5670,2933,2,12,24,12,236,78.5,2010,intel,xeon,, x5670,,
1,Intel Xeon X3480,3067,1,4,8,4,113,24.8,2010,intel,xeon,, x3480,,
1,Intel Xeon X3480,3067,1,4,8,4,127,33.4,2010,intel,xeon,, x3480,,
1,Intel Xeon X5675,3066,2,12,24,12,236,74.8,2011,intel,xeon,, x5675,,
1,Intel Xeon E3-1260L,2400,1,4,8,8,53.6,16.8,2011,intel,xeon,, e3-1260,l,
1,Intel Xeon E3-1260L,2400,1,4,8,8,54,14.9,2011,intel,xeon,, e3-1260,l,
1,Intel Xeon E3-1260L,2400,1,4,8,8,57.2,17.8,2011,intel,xeon,, e3-1260,l,
18,Intel Xeon X5675,3067,36,216,432,216,"4,272","1,032",2011,intel,xeon,, x5675,,
1,Intel Xeon E5-2660,2200,2,16,32,32,245,53.1,2012,intel,xeon,, e5-2660,,
1,Intel Xeon E5-2660,2200,2,16,32,32,257,58.6,2012,intel,xeon,, e5-2660,,
18,Intel Xeon E5-2470,2300,36,288,576,432,"4,965","1,014",2012,intel,xeon,, e5-2470,,
1,Intel Xeon E3-1265LV2,2500,1,4,8,8,59.5,19.1,2012,intel,xeon,, e3-1265,l,
1,Intel Xeon E3-1265LV2,2500,1,4,8,8,56.2,15.7,2012,intel,xeon,, e3-1265,l,
1,Intel Xeon E5-2660,2200,2,16,32,24,240,52.6,2012,intel,xeon,, e5-2660,,
1,Intel Xeon E5-2660,2200,2,16,32,24,240,52.3,2012,intel,xeon,, e5-2660,,
1,Intel Xeon E3-1265LV2,2500,1,4,8,8,55.3,18.9,2012,intel,xeon,, e3-1265,l,
1,Intel Xeon E5-4640,2400,4,32,64,48,402,94.6,2012,intel,xeon,, e5-4640,,
1,Intel Xeon E5-2470,2300,2,16,32,24,252,51.4,2012,intel,xeon,, e5-2470,,
1,Intel Xeon E3-1240V2,3400,1,4,8,8,72.5,14.1,2012,intel,xeon,, e3-1240,,v2
1,Intel Xeon E5-2470,2300,2,16,32,24,252,50.7,2012,intel,xeon,, e5-2470,,
1,Intel Xeon E5-4640,2400,4,32,64,48,420,97.1,2012,intel,xeon,, e5-4640,,
1,Intel Xeon E5-2660,2200,2,16,32,24,245,54,2012,intel,xeon,, e5-2660,,
1,Intel Xeon E5-2660,2200,2,16,32,24,258,59.8,2012,intel,xeon,, e5-2660,,
1,Intel Xeon E5-2660,2200,2,16,32,24,245,55.2,2012,intel,xeon,, e5-2660,,
1,Intel Xeon E5-2660,2200,2,16,32,24,246,55.1,2012,intel,xeon,, e5-2660,,
1,Intel Xeon E3-1265Lv3,2500,1,4,8,8,58.5,19,2013,intel,xeon,, e3-1265,l,
1,Intel Xeon E3-1265Lv3,2500,1,4,8,8,69.8,17.7,2013,intel,xeon,, e3-1265,l,
1,Intel Xeon E5-2699 v3,2300,2,36,72,64,271,39,2014,intel,xeon,, e5-2699,, v3
4,Intel Xeon E5-2699 v3,2300,8,144,288,256,"1,152",171,2014,intel,xeon,, e5-2699,, v3
1,Intel Xeon E5-2699 v3,2300,2,36,72,64,289,47.3,2015,intel,xeon,, e5-2699,, v3
1,Intel Xeon E3-1275Lv3,2700,1,4,8,16,60,13.3,2015,intel,xeon,, e3-1275,l,
1,Intel Xeon E5-2699 v3,2300,2,36,72,64,264,40,2015,intel,xeon,, e5-2699,, v3
1,Intel Xeon E5-2699 v3,2300,2,36,72,64,267,40.1,2015,intel,xeon,, e5-2699,, v3
1,Intel Xeon E3-1275Lv3,2700,1,4,8,16,63.9,16,2015,intel,xeon,, e3-1275,l,
1,Intel Xeon E3-1260L v5,2900,1,4,8,16,44.7,11.6,2015,intel,xeon,, e3-1260,l, v5
1,Intel Xeon E3-1260L v5,2900,1,4,8,16,47.7,16,2015,intel,xeon,, e3-1260,l, v5
1,Intel Xeon E3-1240L v5,2100,1,4,8,16,47.2,16.1,2016,intel,xeon,, e3-1240,l, v5
1,Intel Xeon E5-2699 v4,2200,2,44,88,64,243,41.7,2016,intel,xeon,, e5-2699,, v4
1,Intel Xeon E5-2699 v4,2200,2,44,88,64,241,41.8,2016,intel,xeon,, e5-2699,, v4
1,Intel Xeon E5-2699 v4,2200,2,44,88,64,255,43.6,2016,intel,xeon,, e5-2699,, v4
1,Intel Xeon E5-2699 v4,2200,2,44,88,64,266,49.6,2016,intel,xeon,, e5-2699,, v4
1,Intel Xeon E3-1230 v6,3500,1,4,8,16,56.1,13.1,2017,intel,xeon,, e3-1230,, v6
1,Intel Xeon E3-1230 v6,3500,1,4,8,16,51.8,9.33,2017,intel,xeon,, e3-1230,, v6
1,Intel Xeon E3-1230 v6,3500,1,4,8,16,51.2,12.4,2017,intel,xeon,, e3-1230,, v6
1,Intel Xeon Platinum 8176M,2100,4,112,224,192,785,148,2017,intel,xeon,platinum, 8176,m,
1,Intel Xeon Platinum 8176M,2100,4,112,224,192,773,146,2017,intel,xeon,platinum, 8176,m,
1,Intel Xeon Platinum 8176M,2100,4,112,224,192,733,94.9,2018,intel,xeon,platinum, 8176,m,
1,Intel Xeon Platinum 8176M,2100,2,56,112,192,355,57.3,2018,intel,xeon,platinum, 8176,m,
1,Intel Xeon E-2176G,3700,1,6,12,16,73.9,12.8,2018,intel,xeon,, e-2176,g,
1,Intel Xeon E-2176G,3700,1,6,12,16,71.7,10,2018,intel,xeon,, e-2176,g,
1,Intel Xeon E-2176G,3700,1,6,12,16,72.9,14.9,2018,intel,xeon,, e-2176,g,
1,Intel Xeon Platinum 8276L,2300,2,56,112,192,332,58.2,2019,intel,xeon,platinum, 8276,l,
1,Intel Xeon Platinum 8276L,2300,4,112,224,384,710,113,2019,intel,xeon,platinum, 8276,l,
1,Intel Xeon Platinum 8276L,2200,2,56,112,192,367,53.6,2019,intel,xeon,platinum, 8276,l,
4,Intel Xeon Platinum 6252,2100,8,192,384,768,"1,412",329,2019,intel,xeon,platinum, 6252,,
1,Intel Xeon Platinum 8280L,2700,2,56,112,192,388,58.3,2019,intel,xeon,platinum, 8280,l,
1,Intel Xeon Platinum 8280L,2700,4,112,224,384,808,120,2019,intel,xeon,platinum, 8280,l,
1,Intel Xeon E-2176G,3700,1,6,12,16,61.8,11.7,2019,intel,xeon,, e-2176,g,
1,Intel Xeon Gold 6252 Processor,2100,2,48,96,96,342,54.8,2019,intel,xeon,gold, 6252,,
1,Intel Xeon Gold 5220,2200,2,36,72,192,318,61.5,2019,intel,xeon,gold, 5220,,
1,Intel Xeon E-2288G,3700,1,8,16,16,56,16.3,2019,intel,xeon,, e-2288,g,
1,Intel Xeon E-2288G,3700,1,8,16,16,53.2,15.9,2019,intel,xeon,, e-2288,g,
1,Intel Xeon E-2288G,3700,1,8,16,16,57.4,16.8,2019,intel,xeon,, e-2288,g,
1,AMD EPYC 7742 2.25GHz,2250,1,64,128,256,250,60.8,2019,amd,epyc,, 7742,,
1,Intel Xeon Platinum 8380H,2900,4,112,224,384,834,129,2020,intel,xeon,platinum, 8380,h,
1,Intel Xeon Platinum 8380,2300,2,80,160,256,580,131,2021,intel,xeon,platinum, 8380,,
1,Intel Xeon Platinum 8380,2300,2,80,160,256,568,132,2021,intel,xeon,platinum, 8380,,
1,Intel Xeon Platinum 8380,2300,2,80,160,256,564,135,2021,intel,xeon,platinum, 8380,,
1,Intel Xeon Platinum 8380,2300,2,80,160,256,550,137,2021,intel,xeon,platinum, 8380,,
4,Intel Xeon Gold 5318Y,2100,8,192,384,"1,024","1,906",472,2021,intel,xeon,gold, 5318,y,
4,Intel Xeon Gold 5318Y,2100,8,192,384,"1,024","1,600",482,2021,intel,xeon,gold, 5318,y,
1,Intel Xeon E-2356G,3200,1,6,12,16,55.5,11.7,2021,intel,xeon,, e-2356,g,
1,Intel Xeon E-2356G,3200,1,6,12,16,59.4,11.7,2021,intel,xeon,, e-2356,g,
1,Intel Xeon L3360,2833,1,4,4,4,98.4,51.7,2009,intel,xeon,, l3360,,
1,Intel Xeon L3360,2833,1,4,4,4,109,63.1,2009,intel,xeon,, l3360,,
1,Intel Xeon L5430,2667,2,8,8,8,231,154,2009,intel,xeon,, l5430,,
1,Intel Xeon L5430,2667,2,8,8,8,235,147,2009,intel,xeon,, l5430,,
1,Intel Xeon L5430,2667,2,8,8,8,221,136,2009,intel,xeon,, l5430,,
1,Intel Xeon L5335,2000,2,8,8,16,260,187,2007,intel,xeon,, l5335,,
1,Intel Xeon 3070,2666,1,2,2,4,109,66.8,2007,intel,xeon,, 3070,,
1,Intel Xeon 3070,2666,1,2,2,4,131,90.8,2007,intel,xeon,, 3070,,
1,Intel Xeon X3220,2400,1,4,4,8,132,79.8,2007,intel,xeon,, x3220,,
1,Intel Xeon E5440,2830,2,8,8,16,265,166,2008,intel,xeon,, e5440,,
1,Intel Xeon X3360,2833,1,4,4,8,116,59.3,2008,intel,xeon,, x3360,,
1,Intel Xeon X3360,2833,1,4,4,4,107,53.1,2008,intel,xeon,, x3360,,
1,Intel Xeon L5430,2667,2,8,8,8,231,155,2008,intel,xeon,, l5430,,
1,Intel Xeon L5430,2667,2,8,8,8,234,158,2008,intel,xeon,, l5430,,
1,Intel Xeon L5430,2667,2,8,8,8,220,138,2008,intel,xeon,, l5430,,
1,Intel Xeon X3360,2833,1,4,4,4,115,63,2008,intel,xeon,, x3360,,
1,Intel Xeon L3360,2833,1,4,4,4,98.4,51.8,2009,intel,xeon,, l3360,,
1,Intel Xeon L3360,2833,1,4,4,4,109,63.2,2009,intel,xeon,, l3360,,
1,Intel Xeon L5430,2667,2,8,8,8,231,154,2009,intel,xeon,, l5430,,
1,Intel Xeon L5430,2667,2,8,8,8,235,147,2009,intel,xeon,, l5430,,
1,Intel Xeon L5430,2667,2,8,8,8,221,135,2009,intel,xeon,, l5430,,
1,AMD EPYC 7601,2200,2,64,128,128,296,95.5,2018,amd,epyc,, 7601,,
1,AMD EPYC 7742,2250,2,128,256,256,492,133,2019,amd,epyc,, 7742,,
1,Intel Xeon E5-2699 v4,2200,2,44,88,64,252,40.1,2016,intel,xeon,, e5-2699,, v4
4,Intel Xeon L5520,2267,8,32,64,32,652,267,2009,intel,xeon,, l5520,,
1,Intel Xeon E5-2699 v3 2.30 GHz,2300,2,36,72,64,276,45,2016,intel,xeon,, e5-2699,, v3
1,Intel Xeon E5-4669 v3 2.10 GHz,2100,4,72,144,64,557,86.3,2016,intel,xeon,, e5-4669,, v3
1,Intel Xeon Platinum 8180 2.50GHz,2500,2,56,112,96,451,48.7,2017,intel,xeon,platinum, 8180,,
1,Intel Xeon Platinum 8180 2.50GHz,2500,4,112,224,192,936,88.9,2017,intel,xeon,platinum, 8180,,
1,Intel Xeon Platinum 8180 2.50GHz,2500,2,56,112,192,459,58.1,2017,intel,xeon,platinum, 8180,,
1,Intel Xeon Platinum 8180 2.50GHz,2500,2,56,112,96,448,50,2017,intel,xeon,platinum, 8180,,
1,Intel Xeon Platinum 8180 2.50GHz,2500,4,112,224,192,944,82.9,2017,intel,xeon,platinum, 8180,,
1,Intel Xeon Platinum 8180 2.50GHz,2500,4,112,224,192,963,110,2017,intel,xeon,platinum, 8180,,
1,Intel Xeon Platinum 8180 2.50GHz,2500,1,28,56,48,233,38.7,2017,intel,xeon,platinum, 8180,,
12,Intel Xeon Platinum 8180 2.50GHz,2500,24,672,"1,344","2,304","5,816",901,2018,intel,xeon,platinum, 8180,,
6,Intel Xeon Platinum 8180 2.50GHz,2500,24,672,1344,2304,"5,968",758,2018,intel,xeon,platinum, 8180,,
1,AMD EPYC 7601 2.20 GHz,2200,2,64,128,128,298,81.1,2018,amd,epyc,, 7601,,
1,AMD EPYC 7601 2.20 GHz,2200,2,64,128,128,295,88.3,2018,amd,epyc,, 7601,,
1,AMD EPYC 7551P 2.0 GHz,2000,1,32,64,128,181,61.7,2018,amd,epyc,, 7551,p,
11,Intel Xeon Platinum 8180 2.50GHz,2500,22,616,"1,232","2,112","5,402",864,2018,intel,xeon,platinum, 8180,,
10,Intel Xeon Platinum 8180 2.50GHz,2500,20,560,1120,1920,"4,918",814,2018,intel,xeon,platinum, 8180,,
9,Intel Xeon Platinum 8180 2.50GHz,2500,18,504,1008,1728,"4,444",746,2018,intel,xeon,platinum, 8180,,
8,Intel Xeon Platinum 8180 2.50GHz,2500,16,448,896,1536,"3,971",695,2018,intel,xeon,platinum, 8180,,
7,Intel Xeon Platinum 8180 2.50GHz,2500,14,392,784,1344,"3,497",627,2018,intel,xeon,platinum, 8180,,
6,Intel Xeon Platinum 8180 2.50GHz,2500,12,336,672,1152,"2,999",553,2018,intel,xeon,platinum, 8180,,
5,Intel Xeon Platinum 8180 2.50GHz,2500,20,560,1120,1920,"5,001",664,2018,intel,xeon,platinum, 8180,,
4,Intel Xeon Platinum 8180 2.50GHz,2500,16,448,896,1536,"4,030",572,2018,intel,xeon,platinum, 8180,,
3,Intel Xeon Platinum 8180 2.50GHz,2500,12,336,672,1152,"3,048",478,2018,intel,xeon,platinum, 8180,,
1,Intel Xeon Platinum 8180 2.50GHz,2500,1,28,56,48,237,38.9,2018,intel,xeon,platinum, 8180,,
2,Intel Xeon Platinum 8180 2.50GHz,2500,8,224,448,768,"2,048",326,2018,intel,xeon,platinum, 8180,,
1,Intel Xeon Platinum 8180 2.50GHz,2500,2,56,112,96,457,52.4,2018,intel,xeon,platinum, 8180,,
1,Intel Xeon Platinum 8180 2.50GHz,2500,4,112,224,192,942,88.6,2018,intel,xeon,platinum, 8180,,
1,Intel Xeon Platinum 8180 2.50GHz,2500,2,56,112,96,461,49.3,2018,intel,xeon,platinum, 8180,,
5,Intel Xeon Platinum 8180 2.50GHz,2500,10,280,560,960,"2,495",466,2018,intel,xeon,platinum, 8180,,
1,Intel Xeon Platinum 8180 2.50GHz,2500,2,56,112,192,471,59.4,2018,intel,xeon,platinum, 8180,,
1,Intel Xeon Platinum 8280 @ 2.70GHz (Intel Turbo Boost Technology up to 4.00 GHz),2700,4,112,224,192,849,103,2019,intel,xeon,platinum, 8280,,
1,Intel Xeon Platinum 8280 2.70GHz,2700,4,112,224,192,942,90.1,2019,intel,xeon,platinum, 8280,,
1,Intel Xeon Platinum 8280 2.70GHz,2700,4,112,224,384,982,119,2019,intel,xeon,platinum, 8280,,
1,Intel Xeon Platinum 8280 @ 2.70GHz (Intel Turbo Boost Technology up to 4.00 GHz),2700,4,112,224,384,894,123,2019,intel,xeon,platinum, 8280,,
6,Intel Xeon Platinum 8280 @ 2.70GHz (Intel Turbo Boost Technology up to 4.00 GHz),2700,24,672,1344,2304,"5,409",781,2019,intel,xeon,platinum, 8280,,
5,Intel Xeon Platinum 8280 @ 2.70GHz (Intel Turbo Boost Technology up to 4.00 GHz),2700,20,560,1120,1920,"4,503",675,2019,intel,xeon,platinum, 8280,,
4,Intel Xeon Platinum 8280 @ 2.70GHz (Intel Turbo Boost Technology up to 4.00 GHz),2700,16,448,896,1536,"3,611",570,2019,intel,xeon,platinum, 8280,,
3,Intel Xeon Platinum 8280 @ 2.70GHz (Intel Turbo Boost Technology up to 4.00 GHz),2700,12,336,672,1152,"2,731",465,2019,intel,xeon,platinum, 8280,,
2,Intel Xeon Platinum 8280 @ 2.70GHz (Intel Turbo Boost Technology up to 4.00 GHz),2700,8,224,448,768,"1,864",361,2019,intel,xeon,platinum, 8280,,
6,Intel Xeon Platinum 8280 @ 2.70GHz,2700,24,672,1344,2304,"5,989",679,2019,intel,xeon,platinum, 8280,,
5,Intel Xeon Platinum 8280 @ 2.70GHz,2700,20,560,1120,1920,"4,983",592,2019,intel,xeon,platinum, 8280,,
4,Intel Xeon Platinum 8280 @ 2.70GHz,2700,16,448,896,1536,"3,978",500,2019,intel,xeon,platinum, 8280,,
3,Intel Xeon Platinum 8280 @ 2.70GHz,2700,12,336,672,1152,"3,004",421,2019,intel,xeon,platinum, 8280,,
2,Intel Xeon Platinum 8280 @ 2.70GHz,2700,8,224,448,768,"2,045",330,2019,intel,xeon,platinum, 8280,,
1,Intel Xeon Platinum 8280 @ 2.70GHz,2700,2,56,112,192,474,56.8,2019,intel,xeon,platinum, 8280,,
1,Intel Xeon Platinum 8280 @ 2.70GHz (Intel Turbo Boost Technology up to 4.00 GHz),2700,2,56,112,192,435,64.2,2019,intel,xeon,platinum, 8280,,
1,Intel Xeon Platinum 8280 @ 2.70GHz,2700,1,28,56,48,235,37.3,2019,intel,xeon,platinum, 8280,,
12,Intel Xeon Platinum 8280 @ 2.70GHz,2700,24,672,1344,2304,"5,938",807,2019,intel,xeon,platinum, 8280,,
11,Intel Xeon Platinum 8280 @ 2.70GHz,2700,22,616,1232,2112,"5,431",756,2019,intel,xeon,platinum, 8280,,
10,Intel Xeon Platinum 8280 @ 2.70GHz,2700,20,560,1120,1920,"4,940",700,2019,intel,xeon,platinum, 8280,,
9,Intel Xeon Platinum 8280 @ 2.70GHz,2700,18,504,1008,1728,"4,444",645,2019,intel,xeon,platinum, 8280,,
8,Intel Xeon Platinum 8280 @ 2.70GHz,2700,16,448,896,1536,"3,958",598,2019,intel,xeon,platinum, 8280,,
7,Intel Xeon Platinum 8280 @ 2.70GHz,2700,14,392,784,1344,"3,472",535,2019,intel,xeon,platinum, 8280,,
6,Intel Xeon Platinum 8280 @ 2.70GHz,2700,12,336,672,1152,"2,980",477,2019,intel,xeon,platinum, 8280,,
1,Intel Xeon Platinum 8280 @ 2.70GHz (Intel Turbo Boost Technology up to 4.00 GHz),2700,1,28,56,48,217,39.4,2019,intel,xeon,platinum, 8280,,
5,Intel Xeon Platinum 8280 @ 2.70GHz,2700,10,280,560,960,"2,494",425,2019,intel,xeon,platinum, 8280,,
5,Intel Xeon Platinum 8280 @ 2.70GHz (Intel Turbo Boost Technology up to 4.00 GHz),2700,10,280,560,960,"2,295",459,2019,intel,xeon,platinum, 8280,,
4,Intel Xeon Platinum 8280 @ 2.70GHz (Intel Turbo Boost Technology up to 4.00 GHz),2700,8,224,448,768,"1,860",398,2019,intel,xeon,platinum, 8280,,
3,Intel Xeon Platinum 8280 @ 2.70GHz (Intel Turbo Boost Technology up to 4.00 GHz),2700,6,168,336,576,"1,418",328,2019,intel,xeon,platinum, 8280,,
2,Intel Xeon Platinum 8280 @ 2.70GHz (Intel Turbo Boost Technology up to 4.00 GHz),2700,4,112,224,384,982,257,2019,intel,xeon,platinum, 8280,,
11,Intel Xeon Platinum 8280 @ 2.70GHz (Intel Turbo Boost Technology up to 4.00 GHz),2700,22,616,1232,2112,"4,975",845,2019,intel,xeon,platinum, 8280,,
10,Intel Xeon Platinum 8280 @ 2.70GHz (Intel Turbo Boost Technology up to 4.00 GHz),2700,20,560,1120,1920,"4,519",779,2019,intel,xeon,platinum, 8280,,
9,Intel Xeon Platinum 8280 @ 2.70GHz (Intel Turbo Boost Technology up to 4.00 GHz),2700,18,504,1008,1728,"4,073",714,2019,intel,xeon,platinum, 8280,,
8,Intel Xeon Platinum 8280 @ 2.70GHz (Intel Turbo Boost Technology up to 4.00 GHz),2700,16,448,896,1536,"3,627",658,2019,intel,xeon,platinum, 8280,,
7,Intel Xeon Platinum 8280 @ 2.70GHz (Intel Turbo Boost Technology up to 4.00 GHz),2700,14,392,784,1344,"3,182",585,2019,intel,xeon,platinum, 8280,,
6,Intel Xeon Platinum 8280 @ 2.70GHz (Intel Turbo Boost Technology up to 4.00 GHz),2700,12,336,672,1152,"2,736",518,2019,intel,xeon,platinum, 8280,,
12,Intel Xeon Platinum 8280 @ 2.70GHz (Intel Turbo Boost Technology up to 4.00 GHz),2700,24,672,1344,2304,"5,384",922,2019,intel,xeon,platinum, 8280,,
1,AMD EPYC 7702 2.0 GHz,2000,2,128,256,256,423,163,2019,amd,epyc,, 7702,,
1,AMD EPYC 7702P 2.00 GHz,2000,1,64,128,128,230,78.7,2019,amd,epyc,, 7702,p,
1,AMD EPYC 7702 2.0 GHz,2000,2,128,256,256,422,111,2019,amd,epyc,, 7702,,
1,AMD EPYC 7702P 2.00 GHz,2000,1,64,128,128,224,70.3,2019,amd,epyc,, 7702,p,
1,AMD EPYC 7702P 2.00 GHz,2000,1,64,128,128,231,79.5,2019,amd,epyc,, 7702,p,
3,AMD EPYC 7702 2.0 GHz,2000,6,384,768,768,"1,281",524,2020,amd,epyc,, 7702,,
2,AMD EPYC 7702 2.0 GHz,2000,4,256,512,512,894,403,2020,amd,epyc,, 7702,,
4,AMD EPYC 7702 2.0 GHz,2000,8,512,1024,1024,"1,687",700,2020,amd,epyc,, 7702,,
4,AMD EPYC 7742 2.25 GHz,2250,8,512,1024,1024,"1,721",678,2020,amd,epyc,, 7742,,
1,Intel Xeon Platinum 8380HL 2.90 GHz,2900,4,112,224,768,"1,117",258,2020,intel,xeon,platinum, 8380,h,
1,Intel Xeon Platinum 8380HL 2.90 GHz,2900,8,224,448,1536,"2,148",500,2020,intel,xeon,platinum, 8380,h,
1,Intel Xeon Platinum 8380HL 2.90 GHz,2900,4,112,224,768,"1,158",254,2020,intel,xeon,platinum, 8380,h,
1,Intel Xeon Platinum 8380HL 2.90 GHz,2900,8,224,448,1536,"2,132",503,2020,intel,xeon,platinum, 8380,h,
1,AMD EPYC 7763 2.45 GHz,2450,2,128,256,256,546,120,2021,amd,epyc,, 7763,,
1,AMD EPYC 7713 2.00 GHz,2000,2,128,256,256,468,109,2021,amd,epyc,, 7713,,
1,AMD EPYC 7763 2.45 GHz,2450,1,64,128,128,272,58,2021,amd,epyc,, 7763,,
1,AMD EPYC 7763 2.45 GHz,2450,1,64,128,128,268,56.8,2021,amd,epyc,, 7763,,
3,AMD EPYC 7763 2.45 GHz,2450,6,384,768,768,"1,731",430,2021,amd,epyc,, 7763,,
2,AMD EPYC 7763 2.45 GHz,2450,4,256,512,512,"1,192",331,2021,amd,epyc,, 7763,,
3,AMD EPYC 7763 2.45 GHz,2450,6,384,768,768,"1,694",352,2021,amd,epyc,, 7763,,
2,AMD EPYC 7763 2.45 GHz,2450,4,256,512,512,"1,173",257,2021,amd,epyc,, 7763,,
4,AMD EPYC 7763 2.45 GHz,2450,8,512,1024,1024,"2,260",523,2021,amd,epyc,, 7763,,
1,AMD EPYC 7763 2.45 GHz,2450,1,64,128,128,270,53.7,2021,amd,epyc,, 7763,,
1,Intel Xeon Platinum 8380 2.30 GHz,2300,2,80,160,256,647,143,2021,intel,xeon,platinum, 8380,,
1,Intel Xeon Platinum 8380 2.30 GHz,2300,2,80,160,256,651,119,2021,intel,xeon,platinum, 8380,,
1,Intel Xeon Platinum 8380 2.30 GHz,2300,2,80,160,256,619,127,2021,intel,xeon,platinum, 8380,,
1,Intel Xeon Platinum 8380 2.30 GHz,2300,2,80,160,256,623,110,2021,intel,xeon,platinum, 8380,,
1,Intel Xeon Gold 6314U CPU @ 2.30GHz (Intel Turbo Boost Technology up to 3.4GHz),2300,1,32,64,64,299,94.1,2021,intel,xeon,gold, 6314,u,
1,Intel Xeon Gold 6314U CPU @ 2.30GHz (Intel Turbo Boost Technology up to 3.4GHz),2300,1,32,64,64,307,93.8,2021,intel,xeon,gold, 6314,u,
1,2.6 GHz AMD Opteron 2435,2600,2,12,12,16,258,120,2009,amd,opteron,, 2435,,
1,Intel Xeon E5450,3000,2,8,8,16,288,180,2007,intel,xeon,, e5450,,
1,Intel Xeon E5450,3000,2,8,8,16,269,160,2007,intel,xeon,, e5450,,
1,Intel Xeon L7345,1860,4,16,16,16,387,271,2007,intel,xeon,, l7345,,
1,Intel Xeon E5450,3000,2,8,8,16,244,123,2008,intel,xeon,, e5450,,
1,Intel Xeon L5420,2500,2,8,8,8,189,106,2008,intel,xeon,, l5420,,
1,Intel Xeon L5420,2500,2,8,8,16,233,148,2008,intel,xeon,, l5420,,
1,Intel Xeon X3360,2833,1,4,4,8,136,69.5,2008,intel,xeon,, x3360,,
1,AMD Opteron 2356,2300,2,8,8,8,299,178,2008,amd,opteron,, 2356,,
1,AMD Opteron 8384,2700,4,16,16,16,521,299,2008,amd,opteron,, 8384,,
1,AMD Opteron 2384,2700,2,8,8,8,257,147,2008,amd,opteron,, 2384,,
1,AMD Opteron 2384,2700,2,8,8,8,268,144,2009,amd,opteron,, 2384,,
1,Quad-Core AMD Opteron(r) Processor 8376 HE,2300,8,32,32,32,799,444,2009,amd,core,quad-core,  8376,he,
1,Quad-Core AMD Opteron(r) Processor 8376 HE,2300,8,32,32,32,796,427,2009,amd,core,quad-core,  8376,he,
1,Intel Xeon 5160,3000,2,4,4,8,258,172,2009,intel,xeon,, 5160,,
1,Intel Xeon L5430,2666,2,8,8,16,253,170,2009,intel,xeon,, l5430,,
1,Intel Xeon 3.8GHz,3800,2,2,4,8,394,226,2009,intel,xeon,,,,
1,Intel Xeon X5570,2933,2,8,16,8,245,88.4,2009,intel,xeon,, x5570,,
1,Quad-Core AMD Opteron(r) Processor 8381 HE,2500,8,32,32,32,793,430,2009,amd,core,quad-core,  8381,he,
1,Quad-Core AMD Opteron(r) Processor 8381 HE,2500,8,32,32,32,792,418,2009,amd,core,quad-core,  8381,he,
16,Intel Xeon L5520,2267,32,128,256,128,"2,783",802,2009,intel,xeon,, l5520,,
1,2.6 GHz AMD Opteron 2435,2600,2,12,12,16,260,124,2009,amd,opteron,, 2435,,
1,Six-Core AMD Opteron(r) Processor 8425 HE,2100,8,48,48,32,852,468,2009,amd,core,six-core,  8425,he,
4,Intel Xeon L5530,2400,8,32,64,32,664,191,2009,intel,xeon,, l5530,,
1,Intel Xeon L5530,2400,2,8,16,8,186,62,2009,intel,xeon,, l5530,,
1,Intel Xeon L5530,2400,2,8,16,8,187,63.7,2009,intel,xeon,, l5530,,
32,Intel Xeon L5520,2266,64,256,512,256,"5,547","1,696",2009,intel,xeon,, l5520,,
4,Intel Xeon L5530,2400,8,32,64,32,680,217,2010,intel,xeon,, l5530,,
1,AMD Opteron 6174,2200,2,12,24,16,271,101,2010,amd,opteron,, 6174,,
4,Intel Xeon X5670,2933,8,48,96,64,858,194,2010,intel,xeon,, x5670,,
1,Intel Xeon X5670,2933,2,12,24,16,250,68.9,2010,intel,xeon,, x5670,,
1,Intel Xeon X5670,2933,2,12,24,16,249,68.1,2010,intel,xeon,, x5670,,
4,Intel Xeon X5670,2933,8,48,96,64,952,219,2010,intel,xeon,, x5670,,
4,Intel Xeon X5670,2933,8,48,96,64,883,216,2010,intel,xeon,, x5670,,
4,Intel Xeon L5530,2400,8,32,64,32,656,179,2010,intel,xeon,, l5530,,
4,Intel Xeon L5640,2267,8,48,96,64,662,181,2010,intel,xeon,, l5640,,
1,Intel Xeon L5640,2266,2,12,24,16,178,54.6,2010,intel,xeon,, l5640,,
1,Intel Xeon L5640,2266,2,12,24,16,172,53.6,2010,intel,xeon,, l5640,,
4,Intel Xeon L5640,2267,8,48,96,64,660,178,2010,intel,xeon,, l5640,,
1,Intel Xeon X5675,3067,2,12,24,16,222,52.3,2011,intel,xeon,, x5675,,
8,Intel Xeon X5675,3067,16,96,192,128,"1,761",389,2011,intel,xeon,, x5675,,
1,Intel Xeon X5675,3067,2,12,24,16,216,55.6,2011,intel,xeon,, x5675,,
1,AMD Opteron 6276,2300,2,32,32,32,308,68.9,2011,amd,opteron,, 6276,,
1,AMD Opteron 6380,2500,2,32,32,64,306,66.6,2012,amd,opteron,, 6380,,
1,Intel Xeon Processor 7020,2660,4,8,16,16,833,520,2011,intel,xeon,,  7020,,
1,Intel Xeon Processor 7110M,2600,4,8,16,16,732,575,2011,intel,xeon,,  7110,m,
1,Intel Xeon Processor 3040,1860,1,2,2,4,117,86,2011,intel,xeon,,  3040,,
1,Intel Xeon Processor 3075,2660,1,2,2,4,135,93.7,2011,intel,xeon,,  3075,,
1,Intel Xeon Processor 3.4 GHz,3400,2,2,1,6,352,216,2011,intel,xeon,,,,
1,Intel Pentium D Processor 930,3000,1,2,2,4,169,105,2011,intel,pentium,,  930, d ,
1,Intel Xeon Processor E7330,2400,4,16,16,64,627,418,2011,intel,xeon,, e7330,,
1,Intel Xeon X7560,2260,4,32,64,128,"1,103",575,2011,intel,xeon,, x7560,,
1,Intel Core i3-540,3067,1,2,4,8,63.2,24.3,2011,intel,core,, i3-540,,
1,Intel Xeon X3480,3067,1,4,8,8,124,43.5,2011,intel,xeon,, x3480,,
1,Intel Xeon X3480,3067,1,4,8,8,137,51.5,2011,intel,xeon,, x3480,,
10,Intel Xeon X5675,3067,20,120,240,240,"2,799","1,278",2011,intel,xeon,, x5675,,
1,Intel Xeon X5670,2933,2,12,24,24,304,132,2011,intel,xeon,, x5670,,
1,Intel Xeon X5670,2933,2,12,24,24,302,136,2011,intel,xeon,, x5670,,
1,Intel Xeon X5670,2933,2,12,24,24,297,132,2011,intel,xeon,, x5670,,
8,Intel Xeon X5675,3067,16,96,192,192,"2,507","1,048",2011,intel,xeon,, x5675,,
40,Intel Core i7 610E,2533,40,80,160,320,"1,897",833,2011,intel,core,, i7 610,e,
1,Intel Xeon X5675,3066,2,12,24,48,293,118,2011,intel,xeon,, x5675,,
1,Intel Xeon X5675,3066,2,12,24,48,293,124,2011,intel,xeon,, x5675,,
1,Intel Xeon X5675,3066,2,12,24,48,301,125,2011,intel,xeon,, x5675,,
1,Intel Xeon E7-4870,2400,4,40,80,128,837,423,2011,intel,xeon,, e7-4870,,
1,Intel Xeon E3-1280,3500,1,4,8,8,114,37.6,2011,intel,xeon,, e3-1280,,
1,Intel Xeon E3-1220,3100,1,4,4,8,92.8,22.4,2011,intel,xeon,, e3-1220,,
1,Intel Xeon E3-1280,3500,1,4,8,8,98.4,24.2,2011,intel,xeon,, e3-1280,,
8,Intel Xeon processor E7-8870,2400,16,160,320,256,"3,948","2,024",2011,intel,xeon,, e7-8870,,
1,Intel Xeon E5-2470,2300,2,16,32,32,294,80.6,2012,intel,xeon,, e5-2470,,
1,Intel Xeon E5-2670,2600,2,16,32,32,337,99.3,2012,intel,xeon,, e5-2670,,
1,Intel Xeon E5-2670,2600,2,16,32,32,325,104,2012,intel,xeon,, e5-2670,,
1,Intel Xeon E5-2470,2300,2,16,32,32,297,92.9,2012,intel,xeon,, e5-2470,,
1,Intel Xeon E5-2470,2300,1,8,16,16,171,58.2,2012,intel,xeon,, e5-2470,,
1,Intel Xeon E5-2470,2300,2,16,32,32,286,88.9,2012,intel,xeon,, e5-2470,,
1,Intel Xeon E5-2470,2300,1,8,16,16,156,52.7,2012,intel,xeon,, e5-2470,,
1,Intel Xeon E3-1280v2,3600,1,4,8,8,94,45.8,2013,intel,xeon,, e3-1280,,v2
1,Intel Xeon E3-1280v2,3600,1,4,8,8,85.2,37.2,2013,intel,xeon,, e3-1280,,v2
1,Intel Xeon E3-1220v2 (Intel Turbo Boost Technology up to 3.50 GHz),3100,1,4,4,8,69.7,36.6,2013,intel,xeon,, e3-1220,,v2
4,Intel Xeon X3480,3067,4,16,32,32,470,109,2010,intel,xeon,, x3480,,
4,Intel Xeon X3470,2933,4,16,32,32,472,109,2010,intel,xeon,, x3470,,
2,Intel Xeon X5670,2930,4,24,48,24,449,109,2011,intel,xeon,, x5670,,
2,Intel Xeon X5675,3067,4,24,48,32,463,108,2011,intel,xeon,, x5675,,
1,Intel Xeon L5640,2266,2,12,24,16,164,51,2011,intel,xeon,, l5640,,
1,Intel Xeon E5-2660,2200,2,16,32,32,257,59.7,2012,intel,xeon,, e5-2660,,
1,Intel Xeon E5-2650L,1800,2,16,32,32,178,57.5,2012,intel,xeon,, e5-2650,l,
1,Intel Xeon E5-2670,2600,2,16,32,32,282,55.6,2012,intel,xeon,, e5-2670,,
1,Intel Xeon E5-2650L,1800,2,16,32,32,170,55.3,2012,intel,xeon,, e5-2650,l,
2,Intel Xeon E5-2650L,1800,4,32,64,64,386,142,2012,intel,xeon,, e5-2650,l,
1,Intel Xeon E5-2660,2200,2,16,32,32,243,54.7,2012,intel,xeon,, e5-2660,,
1,Intel Xeon E5-2660,2200,2,16,32,48,240,52.3,2012,intel,xeon,, e5-2660,,
1,Intel Xeon E5-2660,2200,2,16,32,48,239,51.6,2012,intel,xeon,, e5-2660,,
1,Intel Xeon E5-2660,2200,2,16,32,16,239,54,2012,intel,xeon,, e5-2660,,
1,Intel Xeon E5-2650L,1800,2,16,32,16,161,52.2,2012,intel,xeon,, e5-2650,l,
1,Intel Xeon E5-2670,2600,2,16,32,16,279,54.8,2012,intel,xeon,, e5-2670,,
1,Intel Xeon E5-2450L,1800,2,16,32,16,167,54,2012,intel,xeon,, e5-2450,l,
1,Intel Xeon E5-2470,2300,2,16,32,16,249,53,2012,intel,xeon,, e5-2470,,
1,Intel Xeon E5-2450,2100,2,16,32,16,231,53.4,2012,intel,xeon,, e5-2450,,
1,Intel Xeon E5-2440,2400,2,12,24,16,207,55.1,2012,intel,xeon,, e5-2440,,
4,Intel Xeon E5-2470,2300,8,64,128,64,"1,079",180,2012,intel,xeon,, e5-2470,,
1,Intel Xeon E5-4640,2400,4,32,64,48,428,92.3,2012,intel,xeon,, e5-4640,,
1,Intel Xeon E5-4640,2400,4,32,64,48,430,92.7,2012,intel,xeon,, e5-4640,,
1,Intel Xeon E5-2630,2300,2,12,24,32,205,56.2,2012,intel,xeon,, e5-2630,,
1,Intel Xeon E5-2665,2400,2,16,32,32,275,56.2,2012,intel,xeon,, e5-2665,,
1,Intel Xeon E5-2640,2500,2,12,24,32,231,57,2012,intel,xeon,, e5-2640,,
3,Intel Xeon E5-4640,2400,12,96,192,96,"1,253",283,2012,intel,xeon,, e5-4640,,
1,Intel Xeon E5-2470,2300,2,16,32,24,254,53.9,2012,intel,xeon,, e5-2470,,
4,Intel Xeon E5-2660,2200,8,64,128,64,"1,003",238,2012,intel,xeon,, e5-2660,,
1,Intel Xeon E5-2470,2300,2,16,32,24,241,51,2012,intel,xeon,, e5-2470,,
1,Intel Xeon E5-2680,2700,2,16,32,24,236,66.8,2012,intel,xeon,, e5-2680,,
1,Intel Xeon E5-2660,2200,2,16,32,24,239,51.5,2012,intel,xeon,, e5-2660,,
1,Intel Xeon E5-2660,2200,2,16,32,16,231,52.4,2012,intel,xeon,, e5-2660,,
1,Intel Xeon E5-2650,2000,2,16,32,24,207,55.3,2013,intel,xeon,, e5-2650,,
1,Intel Xeon E5-4607,2200,4,24,48,60,324,89.6,2013,intel,xeon,, e5-4607,,
1,Intel Xeon E5-2660V2,2200,2,20,40,24,202,52,2013,intel,xeon,, e5-2660,,v2
6,Intel Xeon E5-2660 v2,2200,12,120,240,144,"1,310",334,2013,intel,xeon,, e5-2660,, v2
8,Intel Xeon E5-2660 v2,2200,16,160,320,192,"1,732",417,2013,intel,xeon,, e5-2660,, v2
1,Intel Xeon E5-2609,2400,2,8,8,48,137,68.7,2014,intel,xeon,, e5-2609,,
1,Intel Xeon E5-2699 v3,2300,2,36,72,64,266,44.8,2015,intel,xeon,, e5-2699,, v3
1,Intel Xeon E5-2698 V4,2200,2,40,80,64,329,43.5,2016,intel,xeon,, e5-2698,, v4
4,Intel Xeon E5-2698 V4,2200,8,160,320,256,"1,419",217,2016,intel,xeon,, e5-2698,, v4
8,Intel Xeon E5-2683 V4,2100,16,256,512,4096,"3,868","1,080",2016,intel,xeon,, e5-2683,, v4
10,Intel Xeon E5-2683 V4,2100,20,320,640,5120,"4,425","1,250",2016,intel,xeon,, e5-2683,, v4
4,Intel Xeon E5-2699 v4,2200,8,176,352,256,"1,322",232,2017,intel,xeon,, e5-2699,, v4
1,Intel Xeon Platinum 8176,2100,2,56,112,192,461,49.6,2017,intel,xeon,platinum, 8176,,
1,Intel Xeon Platinum 8180,2500,2,56,112,192,423,48.9,2017,intel,xeon,platinum, 8180,,
1,Intel Xeon Platinum 8180,2500,2,56,112,192,437,50.3,2018,intel,xeon,platinum, 8180,,
1,Intel Xeon Platinum 8280,2700,2,56,112,192,415,49.9,2019,intel,xeon,platinum, 8280,,
1,Intel Xeon Platinum 8280,2700,2,56,112,192,414,50,2019,intel,xeon,platinum, 8280,,
1,Intel Xeon Platinum 8280,2700,2,56,112,192,419,52.2,2019,intel,xeon,platinum, 8280,,
1,Intel Xeon Platinum 8280,2700,2,56,112,192,422,51.5,2019,intel,xeon,platinum, 8280,,
1,Intel Xeon Platinum 8280,2700,2,56,112,192,421,51.7,2019,intel,xeon,platinum, 8280,,
1,Intel Xeon Platinum 8280,2700,2,56,112,192,414,50.3,2019,intel,xeon,platinum, 8280,,
1,Intel Xeon E5462,2800,2,8,8,16,252,130,2008,intel,xeon,, e5462,,
1,Intel Xeon X3360,2833,1,4,4,4,115,57.5,2008,intel,xeon,, x3360,,
1,Intel X3350,2666,1,4,4,4,119,68.9,2008,intel,,, x3350,,
1,Intel Xeon X3360,2833,1,4,4,4,126,71.7,2008,intel,xeon,, x3360,,
1,Intel Xeon X3360,2830,1,4,4,4,127,70,2008,intel,xeon,, x3360,,
1,Intel Xeon X3360,2830,1,4,4,4,125,65.9,2008,intel,xeon,, x3360,,
1,Intel Xeon X3360,2833,1,4,4,4,119,56.7,2008,intel,xeon,, x3360,,
1,Intel Xeon X5570,2933,2,8,16,8,244,81.4,2009,intel,xeon,, x5570,,
1,Intel Xeon X5570,2933,2,8,16,8,236,72.2,2009,intel,xeon,, x5570,,
1,Intel Xeon X5570,2933,2,8,16,8,244,74.3,2009,intel,xeon,, x5570,,
2,Intel Xeon X5570,2933,4,16,32,24,475,116,2009,intel,xeon,, x5570,,
1,Intel Xeon X5570,2933,2,8,16,8,243,74.1,2009,intel,xeon,, x5570,,
1,Intel Xeon X5570,2933,2,8,16,8,237,72.5,2009,intel,xeon,, x5570,,
1,Intel Xeon E5540,2533,2,8,16,8,223,70.9,2009,intel,xeon,, e5540,,
2,Intel Xeon L5530,2400,4,16,32,16,339,98.9,2009,intel,xeon,, l5530,,
1,Intel Xeon X3470,2933,1,4,8,8,115,43,2009,intel,xeon,, x3470,,
1,Intel Xeon X3470,2933,1,4,8,8,118,45.8,2009,intel,xeon,, x3470,,
1,Intel Xeon L5530,2400,2,8,16,8,179,65.4,2009,intel,xeon,, l5530,,
1,Intel Xeon L5530,2400,2,8,16,8,180,65.8,2009,intel,xeon,, l5530,,
1,Intel Xeon X3470,2933,1,4,8,8,115,45.4,2009,intel,xeon,, x3470,,
1,Intel Xeon X3470,2933,1,4,8,8,113,41.6,2009,intel,xeon,, x3470,,
1,Intel Xeon E5540,2533,2,8,16,8,218,67,2009,intel,xeon,, e5540,,
2,Intel Xeon X5670,2933,4,24,48,24,475,101,2010,intel,xeon,, x5670,,
1,Intel Xeon X5670,2933,2,12,24,12,258,69.2,2010,intel,xeon,, x5670,,
1,Intel Xeon X5670,2933,2,12,24,12,238,66.3,2010,intel,xeon,, x5670,,
1,Intel Xeon X5670,2933,2,12,24,12,247,66,2010,intel,xeon,, x5670,,
2,Intel Xeon L5640,2267,4,24,48,24,341,92.7,2010,intel,xeon,, l5640,,
1,Intel Xeon X5670,2933,2,12,24,12,236,64,2010,intel,xeon,, x5670,,
1,Intel Xeon X5670,2933,2,12,24,12,259,84.6,2010,intel,xeon,, x5670,,
1,Intel Xeon X3480,3067,1,4,8,8,119,45,2010,intel,xeon,, x3480,,
1,Intel Xeon X3480,3067,1,4,8,8,113,42.3,2010,intel,xeon,, x3480,,
1,Intel Xeon X5675,3067,2,12,24,12,231,63.9,2011,intel,xeon,, x5675,,
1,Intel Xeon X5675,3067,2,12,24,12,251,80.2,2011,intel,xeon,, x5675,,
1,Intel Xeon X5675,3067,2,12,24,12,246,63.2,2011,intel,xeon,, x5675,,
1,Intel Xeon X5675,3067,2,12,24,16,218,56.1,2011,intel,xeon,, x5675,,
1,Intel Xeon X5675,3067,2,12,24,16,222,58.4,2011,intel,xeon,, x5675,,
1,AMD Opteron 6276 (2.30 GHz),2300,4,64,64,64,580,122,2011,amd,opteron,, 6276,,
1,Intel Xeon E5-2680,2700,2,16,32,24,247,56.6,2012,intel,xeon,, e5-2680,,
2,Intel Xeon E5-2660,2200,4,32,64,48,379,96.5,2012,intel,xeon,, e5-2660,,
1,Intel Xeon E5-2660,2200,2,16,32,24,196,56.1,2012,intel,xeon,, e5-2660,,
1,Intel Xeon E5-2660,2200,2,16,32,16,190,56.5,2012,intel,xeon,, e5-2660,,
1,Intel Xeon E5-2470,2300,2,16,32,24,259,52.1,2012,intel,xeon,, e5-2470,,
7,Intel Xeon E5-4640 (Intel Turbo Boost Technology up to 2.80 GHz),2400,28,224,448,336,"3,331",812,2012,intel,xeon,, e5-4640,,
2,Intel Xeon E5-2660 2.20 GHz (Intel Turbo Boost Technology up to 3.00 GHz),2200,4,32,64,48,507,99.1,2012,intel,xeon,, e5-2660,,
1,Intel Xeon E5-2660 2.20 GHz (Intel Turbo Boost Technology up to 3.00 GHz),2200,2,16,32,24,262,57.2,2012,intel,xeon,, e5-2660,,
1,Intel Xeon E5-2660 2.20 GHz (Intel Turbo Boost Technology up to 3.00 GHz),2200,2,16,32,24,256,57.3,2012,intel,xeon,, e5-2660,,
1,Intel Xeon E5-2660 2.20 GHz (Intel Turbo Boost Technology up to 3.00 GHz),2200,2,16,32,24,265,60.6,2012,intel,xeon,, e5-2660,,
1,Intel Xeon E5-2470 2.30 GHz (Intel Turbo Boost Technology up to 3.10 GHz),2300,2,16,32,24,260,50.8,2012,intel,xeon,, e5-2470,,
1,Intel Xeon E5-2470 2.30 GHz (Intel Turbo Boost Technology up to 3.10 GHz),2300,2,16,32,24,274,62.6,2012,intel,xeon,, e5-2470,,
1,Intel Xeon E5-2470 2.30 GHz (Intel Turbo Boost Technology up to 3.10 GHz),2300,2,16,32,24,269,58.1,2012,intel,xeon,, e5-2470,,
1,Intel Xeon Processor E3110,3000,1,2,2,4,117,75.2,2011,intel,xeon,, e3110,,
1,Intel Xeon E5-2699 v4,2200,2,44,88,128,245,45.7,2017,intel,xeon,, e5-2699,, v4
1,Intel Xeon Platinum 8176,2100,2,56,112,192,454,49.4,2018,intel,xeon,platinum, 8176,,
1,Intel Xeon Platinum 8176,2100,4,112,224,384,726,158,2018,intel,xeon,platinum, 8176,,
1,Intel Xeon Platinum 8176 CPU 2.10 GHz (Intel Turbo Boost Technology up to 2.80 GHz),2100,2,56,112,192,458,51.3,2018,intel,xeon,platinum, 8176,,
1,Intel Xeon Platinum 8180,2500,2,56,112,192,432,49.5,2019,intel,xeon,platinum, 8180,,
1,Intel Xeon Platinum 8276L,2200,2,56,112,192,347,48.3,2019,intel,xeon,platinum, 8276,l,
1,Intel Xeon Platinum 8280 2.70GHz,2700,2,56,112,192,410,48.6,2020,intel,xeon,platinum, 8280,,
1,Intel Xeon Platinum 8280 2.70GHz,2700,2,56,112,192,414,48.2,2020,intel,xeon,platinum, 8280,,
1,Intel Xeon Platinum 8280 2.70GHz,2700,4,112,224,384,919,102,2020,intel,xeon,platinum, 8280,,
1,Intel Xeon Platinum 8380HL,2900,4,112,224,384,"1,008",104,2021,intel,xeon,platinum, 8380,h,
1,Intel Xeon Platinum 8352Y Processor,2200,2,64,128,512,680,156,2021,intel,xeon,platinum, 8352,y,
1,Intel Xeon Gold 6336Y Processor,2400,2,48,96,256,650,176,2021,intel,xeon,gold, 6336,y,
1,Intel Xeon Silver 4214,2200,2,24,48,384,289,112,2021,intel,xeon,silver, 4214,,
1,Intel Xeon Gold 6238R,2200,1,28,56,384,277,92.5,2021,intel,xeon,gold, 6238,r,
1,Intel Xeon Gold 6252,2100,1,24,48,384,262,93.6,2021,intel,xeon,gold, 6252,,
1,Intel Xeon Platinum 8380,2300,2,80,160,256,625,129,2021,intel,xeon,platinum, 8380,,
1,Intel Xeon Gold 5218,2300,2,32,64,384,367,114,2021,intel,xeon,gold, 5218,,
1,Intel Xeon L5420,2500,2,8,8,8,178,101,2008,intel,xeon,, l5420,,
1,Intel Xeon processor 3.6 GHz,3600,2,2,4,4,336,159,2007,intel,xeon,,,,
1,Intel(R) Xeon(R) Gold 6136 CPU @ 3.00GHz,3000,2,24,48,196,432,131,2020,intel,xeon,gold, 6136,,
1,Intel Xeon Platinum 8176 CPU 2.10 GHz (Intel Turbo Boost Technology up to 2.80 GHz),2100,2,56,112,192,357,57.7,2017,intel,xeon,platinum, 8176,,
4,Intel Xeon Platinum 8176,2100,8,224,448,768,"1,434",256,2017,intel,xeon,platinum, 8176,,
1,Intel Xeon Platinum 8176 CPU 2.10 GHz (Intel Turbo Boost Technology up to 2.80 GHz),2100,4,112,224,384,688,95.8,2017,intel,xeon,platinum, 8176,,
1,Intel Xeon Platinum 8176 CPU 2.10 GHz (Intel Turbo Boost Technology up to 2.80 GHz),2100,1,28,56,96,183,45.6,2017,intel,xeon,platinum, 8176,,
14,Intel Xeon Platinum 8176,2100,28,784,1568,2688,"5,288","1,446",2017,intel,xeon,platinum, 8176,,
4,Intel Xeon Platinum 8176,2100,8,224,448,768,"1,474",241,2018,intel,xeon,platinum, 8176,,
7,Intel Xeon Platinum 8176,2100,28,784,1568,2688,"5,366",820,2018,intel,xeon,platinum, 8176,,
1,Intel Xeon Platinum 8176,2100,8,224,448,768,"1,479",182,2018,intel,xeon,platinum, 8176,,
1,Intel Xeon E-2176G,3700,1,6,12,32,87.2,16.8,2019,intel,xeon,, e-2176,g,
1,Intel Xeon Platinum 8176,2100,2,56,112,192,352,67.7,2019,intel,xeon,platinum, 8176,,
1,Intel Xeon Platinum 8176,2100,2,56,112,192,355,72.3,2019,intel,xeon,platinum, 8176,,
1,Intel Xeon Platinum 8276L,2200,8,224,448,768,"1,329",281,2019,intel,xeon,platinum, 8276,l,
1,Intel Xeon Platinum 8280 CPU 2.70 GHz,2700,1,28,56,96,177,50,2019,intel,xeon,platinum, 8280,,
1,Intel Xeon Platinum 8276L CPU 2.20 GHz,2200,4,112,224,384,711,119,2019,intel,xeon,platinum, 8276,l,
4,Intel Xeon Platinum 8276L,2200,8,224,448,768,"1,324",315,2019,intel,xeon,platinum, 8276,l,
1,Intel Xeon Platinum 8276L,2200,4,112,224,384,672,121,2019,intel,xeon,platinum, 8276,l,
1,AMD EPYC 7742 2.25Ghz,2250,1,64,128,128,255,74.6,2019,amd,epyc,, 7742,,
1,AMD EPYC 7742 2.25Ghz,2250,1,64,128,128,243,76.8,2019,amd,epyc,, 7742,,
7,Intel Xeon Platinum 8276L,2200,28,784,"1,568","2,688","4,985","1,052",2019,intel,xeon,platinum, 8276,l,
1,AMD EPYC 7742 2.25Ghz,2250,1,64,128,128,240,66.1,2019,amd,epyc,, 7742,,
1,AMD EPYC 7742 2.25Ghz,2250,1,64,128,128,254,63.2,2019,amd,epyc,, 7742,,
1,AMD EPYC 7742 2.25GHz,2250,2,128,256,256,395,82.3,2020,amd,epyc,, 7742,,
1,AMD EPYC 7742 2.25GHz,2250,2,128,256,256,394,92.4,2020,amd,epyc,, 7742,,
1,AMD EPYC 7742 2.25GHz,2250,2,128,256,256,403,99.5,2020,amd,epyc,, 7742,,
1,AMD EPYC 7742 2.25GHz,2250,2,128,256,256,404,82.5,2020,amd,epyc,, 7742,,
1,AMD EPYC 7742 2.25GHz,2250,2,128,256,256,391,82.8,2020,amd,epyc,, 7742,,
1,AMD EPYC 7742 2.25GHz,2250,2,128,256,256,392,93.9,2020,amd,epyc,, 7742,,
1,AMD EPYC 7742 2.25GHz,2250,2,128,256,256,398,94,2020,amd,epyc,, 7742,,
1,AMD EPYC 7742 2.25GHz,2250,2,128,256,256,400,84,2020,amd,epyc,, 7742,,
1,AMD EPYC 7742 2.25GHz,2250,1,64,128,128,224,63.8,2020,amd,epyc,, 7742,,
1,AMD EPYC 7742 2.25GHz,2250,1,64,128,128,221,64.6,2020,amd,epyc,, 7742,,
1,Intel Xeon Platinum 8376HL,2600,4,112,224,384,721,138,2020,intel,xeon,platinum, 8376,h,
1,AMD EPYC 7763 2.45GHz,2450,2,128,256,256,460,75.6,2021,amd,epyc,, 7763,,
1,AMD EPYC 7763 2.45GHz,2450,2,128,256,256,459,104,2021,amd,epyc,, 7763,,
1,AMD EPYC 7763 2.45GHz,2450,2,128,256,256,454,79.3,2021,amd,epyc,, 7763,,
1,AMD EPYC 7763 2.45GHz,2450,2,128,256,256,455,108,2021,amd,epyc,, 7763,,
1,AMD EPYC 7763 2.45GHz,2450,2,128,256,256,461,102,2021,amd,epyc,, 7763,,
1,AMD EPYC 7763 2.45GHz,2450,1,64,128,128,228,53,2021,amd,epyc,, 7763,,
1,AMD EPYC 7763 2.45GHz,2450,1,64,128,128,228,52.5,2021,amd,epyc,, 7763,,
1,AMD EPYC 7763 2.45GHz,2450,1,64,128,128,240,54,2021,amd,epyc,, 7763,,
1,Intel Xeon L5420,2500,2,8,8,8,175,102,2008,intel,xeon,, l5420,,
1,Intel Xeon L5410,2333,2,8,8,8,186,106,2008,intel,xeon,, l5410,,
1,Intel Xeon L5520,2267,2,8,16,8,176,64.1,2009,intel,xeon,, l5520,,
1,Intel Core i3-540,3067,1,2,4,4,60.9,25.8,2010,intel,core,, i3-540,,
1,Intel Xeon X3430,2400,1,4,4,4,100,32.6,2010,intel,xeon,, x3430,,
1,Intel Core i3-540,3067,1,2,4,4,60.9,24.8,2010,intel,core,, i3-540,,
2,Intel Xeon X7560,2266,8,64,128,128,"2,003","1,178",2010,intel,xeon,, x7560,,
3,Intel Xeon L5640,2266,6,36,72,48,902,360,2010,intel,xeon,, l5640,,
1,Intel Xeon X5670,2933,2,12,24,16,249,74.5,2010,intel,xeon,, x5670,,
1,Intel Xeon X5670,2933,2,12,24,16,257,79,2010,intel,xeon,, x5670,,
1,Intel Xeon L5630,2133,2,8,16,16,138,60.7,2010,intel,xeon,, l5630,,
1,Intel Xeon X7560,2266,4,32,64,128,913,498,2011,intel,xeon,, x7560,,
1,Intel Xeon X7560,2266,4,32,64,128,938,553,2011,intel,xeon,, x7560,,
1,Intel Xeon X7560,2266,8,64,128,128,"1,749",993,2011,intel,xeon,, x7560,,
1,Intel Xeon X5675,3066,2,12,24,24,246,80.4,2011,intel,xeon,, x5675,,
1,Intel Xeon X5675,3066,2,12,24,24,255,84.3,2011,intel,xeon,, x5675,,
1,Intel Xeon X3470,2933,1,4,8,8,118,46.5,2011,intel,xeon,, x3470,,
1,Intel Xeon X5675,3066,2,12,24,24,250,80.1,2011,intel,xeon,, x5675,,
1,Intel Xeon X5675,3066,2,12,24,24,259,82.9,2011,intel,xeon,, x5675,,
1,Intel Xeon X5650,2666,2,12,24,24,258,80.1,2011,intel,xeon,, x5650,,
1,Intel Xeon E5645,2400,2,12,24,16,200,63.1,2011,intel,xeon,, e5645,,
1,Intel Xeon E3-1265LV3,2500,1,4,8,8,45.1,15.9,2013,intel,xeon,, e3-1265,l,
1,Intel Xeon Platinum 8380,2300,2,80,160,256,468,110,2021,intel,xeon,platinum, 8380,,
1,Intel(R) Xeon(R) Platinum 8180 CPU @2.50GHz,2500,2,56,112,96,430,58.4,2017,intel,xeon,platinum, 8180,,
1,Intel Xeon Platinum 8280L 2.70GHz,2700,4,112,224,384,963,95.5,2019,intel,xeon,platinum, 8280,l,
1,Intel Xeon Platinum 8180 2.50GHz,2500,4,112,224,384,957,99.8,2019,intel,xeon,platinum, 8180,,
8,Intel Xeon Platinum 8180 2.50GHz,2500,16,448,896,1536,"3,982",498,2019,intel,xeon,platinum, 8180,,
1,Intel Xeon Platinum 8180 2.50GHz,2500,4,112,224,384,956,99.6,2019,intel,xeon,platinum, 8180,,
9,Intel Xeon Platinum 8180 2.50GHz,2500,18,504,1008,1728,"4,479",558,2019,intel,xeon,platinum, 8180,,
10,Intel Xeon Platinum 8180 2.50GHz,2500,20,560,1120,1920,"4,993",631,2019,intel,xeon,platinum, 8180,,
11,Intel Xeon Platinum 8180 2.50GHz,2500,22,616,"1,232","2,112","5,479",681,2019,intel,xeon,platinum, 8180,,
12,Intel Xeon Platinum 8180 2.50GHz,2500,24,672,"1,344","2,304","5,999",735,2019,intel,xeon,platinum, 8180,,
13,Intel Xeon Platinum 8180 2.50GHz,2500,26,728,"1,456","2,496","6,532",787,2019,intel,xeon,platinum, 8180,,
14,Intel Xeon Platinum 8180 2.50GHz,2500,28,784,"1,568","2,688","7,031",838,2019,intel,xeon,platinum, 8180,,
1,Intel Xeon Platinum 8280L 2.70GHz,2700,4,112,224,384,915,94.2,2019,intel,xeon,platinum, 8280,l,
15,Intel Xeon Platinum 8180 2.50GHz,2500,30,840,1680,2880,"7,561",891,2019,intel,xeon,platinum, 8180,,
16,Intel Xeon Platinum 8180 2.50GHz,2500,32,896,1792,3072,"7,967",959,2019,intel,xeon,platinum, 8180,,
1,Intel Xeon Platinum 8380HL 2.9GHz,2900,4,112,224,384,"1,005",89.2,2020,intel,xeon,platinum, 8380,h,
1,Intel Xeon Platinum 8380 2.3GHz,2300,2,80,160,256,609,119,2021,intel,xeon,platinum, 8380,,
1,Intel Xeon Platinum 8380 2.3GHz,2300,2,80,160,256,609,119,2021,intel,xeon,platinum, 8380,,
5,Intel(R) Xeon(R) Gold 6210U CPU @ 2.50GHz,2500,5,100,200,320,877,247,2020,intel,xeon,gold, 6210,u,
1,Xeon L5420,2500,2,4,4,16,268,178,2009,,xeon,, l5420,,
1,Intel Xeon L5520,2260,2,8,16,8,169,56.7,2009,intel,xeon,, l5520,,
1,Intel Xeon L5530,2400,2,8,16,8,172,56.2,2009,intel,xeon,, l5530,,
1,Intel Xeon L5430,2660,2,8,8,8,161,84.6,2008,intel,xeon,, l5430,,
1,Intel Xeon Platinum 8380,2300,2,80,160,256,630,123,2021,intel,xeon,platinum, 8380,,
1,AMD EPYC 7763,2450,2,128,256,256,453,78.5,2021,amd,epyc,, 7763,,
1,Intel Xeon E5-2699 v3 2.30 GHz,2300,2,36,72,64,272,49.6,2014,intel,xeon,, e5-2699,, v3
1,Intel E3-1260L v5,2900,1,4,8,16,47.9,14.4,2016,intel,,, e3-1260,l, v5
1,Intel Xeon E5-2699 v4,2200,2,44,88,64,247,46.6,2016,intel,xeon,, e5-2699,, v4
1,Intel Xeon Platinum 8180,2500,2,56,112,192,426,39.5,2017,intel,xeon,platinum, 8180,,
4,Intel Xeon Platinum 8176,2100,8,224,448,768,"1,478",206,2017,intel,xeon,platinum, 8176,,
1,Intel Xeon Platinum 8180 2.50 GHz (Intel Turbo Boost Technology up to 3.8GHz),2500,2,56,112,96,401,38.4,2018,intel,xeon,platinum, 8180,,
1,Intel Xeon Platinum 8280L 2.70 GHz,2700,2,56,112,96,414,37.7,2019,intel,xeon,platinum, 8280,l,
1,Intel Xeon Platinum 8180 2.50GHz,2500,2,56,112,192,454,40.3,2017,intel,xeon,platinum, 8180,,
1,Intel Xeon E5420,2500,2,8,8,16,260,155,2008,intel,xeon,, e5420,,
1,Intel Xeon E5472,3000,2,8,8,16,287,156,2008,intel,xeon,, e5472,,
1,Intel Xeon E5472,3000,2,8,8,16,322,187,2008,intel,xeon,, e5472,,
1,Intel Xeon X5272,3400,2,4,4,8,280,186,2008,intel,xeon,, x5272,,
1,Intel Xeon X5670,2933,2,12,24,12,226,59.1,2011,intel,xeon,, x5670,,
4,Intel Xeon L5640,2267,8,48,96,64,724,255,2011,intel,xeon,, l5640,,
4,AMD Opteron 6276,2300,8,128,128,128,"1,387",265,2012,amd,opteron,, 6276,,
4,Intel Xeon E5-2660,2200,8,64,128,96,"1,116",268,2012,intel,xeon,, e5-2660,,
1,Intel Xeon E5-2699 v3 2.30 GHz,2300,2,36,72,128,264,52.5,2015,intel,xeon,, e5-2699,, v3
1,Intel Xeon Platinum 8180 @2.50 GHz,2500,2,56,112,192,419,67.2,2017,intel,xeon,platinum, 8180,,
1,Intel Xeon Platinum 8160,2100,2,48,96,192,387,53.4,2018,intel,xeon,platinum, 8160,,
1,AMD EPYC 7351,2400,2,32,64,128,278,103,2018,amd,epyc,, 7351,,
1,AMD EPYC 7501,2000,2,64,128,128,307,103,2018,amd,epyc,, 7501,,
1,Intel Xeon Platinum 8180,2500,2,56,112,192,450,54.6,2018,intel,xeon,platinum, 8180,,
1,Intel Xeon Gold 6152,2100,2,44,88,192,364,53.1,2018,intel,xeon,gold, 6152,,
1,Intel Xeon Gold 6140,2300,2,36,72,192,343,52.4,2018,intel,xeon,gold, 6140,,
1,Intel Xeon Gold 5117,2000,2,28,56,192,245,51.9,2018,intel,xeon,gold, 5117,,
1,AMD EPYC 7601,2200,2,64,128,128,296,94.9,2018,amd,epyc,, 7601,,
1,Intel Xeon L5408,2133,2,8,8,8,226,174,2009,intel,xeon,, l5408,,
1,Intel Xeon L5408,2133,2,8,8,32,294,226,2009,intel,xeon,, l5408,,
1,Intel Xeon L5408,2133,2,8,8,32,296,225,2009,intel,xeon,, l5408,,
1,Intel Xeon processor E5345,2333,2,8,8,8,334,220,2008,intel,xeon,, e5345,,
1,Intel Xeon processor L5335,2000,2,8,8,8,300,223,2008,intel,xeon,, l5335,,
1,Intel Xeon processor E5345,2333,2,8,8,16,334,219,2008,intel,xeon,, e5345,,
1,Intel Xeon processor L5335,2000,2,8,8,16,300,223,2008,intel,xeon,, l5335,,
1,Intel Xeon processor 5160,3000,2,4,4,8,315,216,2008,intel,xeon,,  5160,,
1,Intel Xeon processor E5345,2333,2,8,8,8,357,245,2008,intel,xeon,, e5345,,
1,Intel Xeon processor 5160,3000,2,4,4,8,291,191,2007,intel,xeon,,  5160,,
1,Intel Xeon processor L5335,2000,2,8,8,8,276,198,2007,intel,xeon,, l5335,,
1,Intel Xeon E5-2665,2400,2,16,32,128,347,115,2012,intel,xeon,, e5-2665,,
1,Intel Xeon E5-2665,2400,2,16,32,128,331,102,2012,intel,xeon,, e5-2665,,
1,AMD Opteron 6276,2300,2,32,32,32,306,77,2011,amd,opteron,, 6276,,
1,AMD Opteron 6262 HE,1600,2,32,32,32,213,70.3,2011,amd,opteron,, 6262,he,
1,AMD Opteron 6278,2400,2,32,32,64,320,82.6,2012,amd,opteron,, 6278,,
1,AMD Opteron 6380 (AMD Turbo CORE Technology up to 3.40GHz),2500,2,32,32,64,308,77.9,2012,amd,opteron,, 6380,,
1,AMD Opteron 6366 HE (AMD Turbo CORE Technology up to 3.10GHz),1800,2,32,32,64,216,72.7,2012,amd,opteron,, 6366, he ,
1,Intel Xeon L5420,2500,2,8,8,8,174,96.8,2008,intel,xeon,, l5420,,
1,Intel Xeon E5-2660 (2.20GHz),2200,2,16,32,32,272,83.6,2012,intel,xeon,, e5-2660,,
1,Intel Xeon E5-2470 (2.30GHz),2300,2,16,32,24,285,62.4,2012,intel,xeon,, e5-2470,,
1,Intel Xeon E5-2670 (2.30GHz),2300,2,16,32,64,413,101,2012,intel,xeon,, e5-2670,,
1,Intel Xeon E5-2699 v3,2300,2,36,72,32,302,75.9,2015,intel,xeon,, e5-2699,, v3
1,Intel Xeon Platinum 8180 2.50GHz,2500,2,56,112,192,423,64.2,2018,intel,xeon,platinum, 8180,,
1,AMD EPYC 7501 2.0 GHz,2000,2,64,128,512,303,98.4,2018,amd,epyc,, 7501,,
1,Intel Xeon Platinum 8276M 2.20GHz,2200,2,56,112,192,416,48.1,2019,intel,xeon,platinum, 8276,m,
1,Intel Xeon Platinum 8280L 2.70GHz,2700,2,56,112,384,426,61.8,2019,intel,xeon,platinum, 8280,l,
1,Intel Xeon Platinum 8280 2.70GHz,2700,2,56,112,192,385,48.6,2019,intel,xeon,platinum, 8280,,
1,AMD EPYC 7702 2.0Ghz,2000,2,128,256,512,412,99.2,2019,amd,epyc,, 7702,,
1,Intel Xeon Platinum 8380,2300,2,80,160,512,633,118,2021,intel,xeon,platinum, 8380,,
1,Intel Xeon Platinum 8380,2300,2,80,160,256,622,101,2021,intel,xeon,platinum, 8380,,
1,Intel Xeon L5420 (2.5GHz),2500,2,8,8,16,279,179,2008,intel,xeon,, l5420,,
1,AMD Opteron 2380,2500,2,8,8,16,269,138,2008,amd,opteron,, 2380,,
1,AMD Opteron 2376HE,2300,2,8,8,16,210,119,2009,amd,opteron,, 2376,h,
1,AMD Opteron 2384,2700,2,8,8,16,264,136,2008,amd,opteron,, 2384,,
1,AMD Opteron 2384,2700,2,8,8,16,264,121,2008,amd,opteron,, 2384,,
1,AMD Opteron 4376 HE,2600,2,16,16,32,186,59.5,2012,amd,opteron,, 4376,he,
1,AMD Opteron 4386,3100,2,16,16,32,256,60.9,2012,amd,opteron,, 4386,,
1,AMD Opteron 4310 EE,2200,2,8,8,32,109,56.8,2012,amd,opteron,, 4310,ee,
1,Intel(R) Xeon(R) Silver 4210 CPU @ 2.20GHz,2200,2,20,40,768,291,127,2021,intel,xeon,silver, 4210,,
1,"Intel Xeon X5570, 2.933 GHz",2930,2,8,16,8,224,53.7,2009,intel,xeon,, x5570,,
16,ARM Cortex A53(1GHz) 24 Cores: SOCIONEXT SC2A11 ARM SoC,1000,384,384,384,256,269,206,2021,arm,cortex,, a53,,
16,ARM Cortex-A53(1GHz) 24 Cores: SOCIONEXT SC2A11 ARM SoC,1000,384,384,384,256,269,206,2021,arm,cortex,,,,
1,AMD Opteron 2419 EE,1800,2,12,12,8,178,74.6,2009,amd,opteron,, 2419,ee,
1,AMD Opteron 2425 HE,2100,2,12,12,16,218,80.4,2009,amd,opteron,, 2425,he,
1,AMD Opteron 2377 EE,2300,2,8,8,16,172,73.1,2009,amd,opteron,, 2377,ee,
1,AMD Opteron 4164 EE,1800,2,12,12,16,126,56.6,2010,amd,opteron,, 4164,ee,
